word,similarity
microphone,0.8125129342079163
holland,0.806884765625
tina,0.8038703203201294
costume,0.798317015171051
gary,0.7725166082382202
sang,0.7619948387145996
hamburger,0.7538929581642151
cannon,0.7503600120544434
rack,0.7390412092208862
expensive,0.7330355644226074
