word,similarity
caulfield,0.7685014605522156
bein,0.7494996786117554
esq,0.7236199378967285
grendel,0.7149597406387329
randal,0.7020297050476074
thanks,0.6955091953277588
well,0.6922035217285156
skirt,0.6833012700080872
magic,0.6756631135940552
4b,0.6755202412605286
